family,scene,delta,seeds,PSNR_mean_delta,PSNR_std_delta,SSIM_mean_delta,SSIM_std_delta,LPIPS_mean_delta,LPIPS_std_delta
Real_NRHints,FurScene,full-minus-no_transfer,"0,1,2",0.024550583783318796,0.02583412135075762,0.0016824294539058797,0.0010085430384884403,-0.0018079253388386164,0.00031492325268813565
Real_NRHints,FurScene,full-minus-local_residual,"0,1,2",0.022045015821269942,0.023331319736343586,-0.00042622042637241453,0.00019821810991836941,1.0857511969173764e-05,0.00022831341272742134
Synthetic_GS3,AnisoMetal,full-minus-no_transfer,"0,1,2",1.4221655591328926,0.6928284977026463,0.014392346392075206,0.0027774652654972147,-0.01679532194820543,0.0017061193156229892
Synthetic_GS3,AnisoMetal,full-minus-local_residual,"0,1,2",-0.18367736657460534,0.7520624640199688,-0.0018870795766512776,0.0032683589159675642,0.0009809772980709879,0.0015972469433782322
Synthetic_GS3,Drums,full-minus-no_transfer,"0,1,2",0.10394119262695274,0.018349449534087344,0.0005259839196999719,0.0001853539284905176,-0.0006267832561085625,0.00030272717840827766
Synthetic_GS3,Drums,full-minus-local_residual,"0,1,2",-0.08904487768808995,0.02133075316876363,-0.0003672096133232605,0.00010970560473586197,0.00025997230938325347,0.0002471109401281271
Synthetic_GS3,Translucent,full-minus-no_transfer,"0,1,2",2.2913971535364817,0.2271809359774535,0.0063631576796372435,0.00046969789980725305,-0.00922575549921021,0.0004053919826925788
Synthetic_GS3,Translucent,full-minus-local_residual,"0,1,2",0.4073514111836758,0.2642573249799536,0.0002482629815737288,0.00017936828241398896,-0.0001736775684791312,8.980007906830278e-05
Synthetic_SSS-GS,soap_small,full-minus-no_transfer,"0,1,2",2.991593667984006,0.3010202700179218,0.006038138588269552,0.00040272282406009484,-0.01333573984199514,0.0007469787967490559
Synthetic_SSS-GS,soap_small,full-minus-local_residual,"0,1,2",-0.29340004158020133,0.11409887429416818,0.00010129710038505231,0.00018252224935577676,0.00031955144631986773,0.0002491950030429093
