method,family,scene,mode,frames,repeats,milliseconds,median_milliseconds,p95_milliseconds,fps,peak_allocated_MiB,peak_reserved_MiB,gaussians,checkpoint_MiB,source
LiSA-staged,Synthetic_GS3,Drums,fixed_light,32,3,16.34347044940417,16.059891786426306,17.36001775134355,61.18651501196044,338.087890625,430.0,228132,40.63235855102539,/workspace/ubuntu2004_cuda12_1/projects/3dgs_relighting/PORT-GS/runs/lisa_supplementary_experiments/render_efficiency/Synthetic_GS3/Drums/performance.json
LiSA-staged,Synthetic_GS3,Drums,changing_light,32,3,15.773877375371132,15.43917995877564,16.72716357279569,63.39595371530975,338.087890625,430.0,228132,40.63235855102539,/workspace/ubuntu2004_cuda12_1/projects/3dgs_relighting/PORT-GS/runs/lisa_supplementary_experiments/render_efficiency/Synthetic_GS3/Drums/performance.json
LiSA-staged,Real_NRHints,FurScene,fixed_light,32,3,13.572799192237047,13.736311113461852,14.110326766967773,73.67676968004871,350.9638671875,466.0,96989,17.624235153198242,/workspace/ubuntu2004_cuda12_1/projects/3dgs_relighting/PORT-GS/runs/lisa_supplementary_experiments/render_efficiency/Real_NRHints/FurScene/performance.json
LiSA-staged,Real_NRHints,FurScene,changing_light,32,3,13.445974444039166,13.538603903725743,14.038219000212848,74.37170166891975,350.9638671875,466.0,96989,17.624235153198242,/workspace/ubuntu2004_cuda12_1/projects/3dgs_relighting/PORT-GS/runs/lisa_supplementary_experiments/render_efficiency/Real_NRHints/FurScene/performance.json
LiSA-staged,Synthetic_SSS-GS,soap_small,fixed_light,32,3,9.608375073488181,9.560409467667341,9.989821817725897,104.0758705141768,95.4873046875,122.0,24269,4.855075836181641,/workspace/ubuntu2004_cuda12_1/projects/3dgs_relighting/PORT-GS/runs/lisa_supplementary_experiments/render_efficiency/Synthetic_SSS-GS/soap_small/performance.json
LiSA-staged,Synthetic_SSS-GS,soap_small,changing_light,32,3,9.620147233363241,9.562864899635315,10.027697659097612,103.9485130260731,95.4873046875,122.0,24269,4.855075836181641,/workspace/ubuntu2004_cuda12_1/projects/3dgs_relighting/PORT-GS/runs/lisa_supplementary_experiments/render_efficiency/Synthetic_SSS-GS/soap_small/performance.json
GS3,Synthetic_GS3,Drums,fixed_light,32,3,15.890117569748934,15.725160017609596,16.716202720999718,62.932196417713484,771.775390625,798.0,549889,321.5088920593262,/workspace/ubuntu2004_cuda12_1/projects/3dgs_relighting/GS3/runs/lisa_supplementary_experiments/render_efficiency/Synthetic_GS3/Drums/performance.json
GS3,Synthetic_GS3,Drums,changing_light,32,3,16.29691794611669,16.128464601933956,18.898663693107665,61.361295633097605,771.775390625,798.0,549889,321.5088920593262,/workspace/ubuntu2004_cuda12_1/projects/3dgs_relighting/GS3/runs/lisa_supplementary_experiments/render_efficiency/Synthetic_GS3/Drums/performance.json
GS3,Real_NRHints,FurScene,fixed_light,32,3,5.718124205789839,5.697444546967745,5.96700154710561,174.88252510980058,175.150390625,198.0,117043,68.8784065246582,/workspace/ubuntu2004_cuda12_1/projects/3dgs_relighting/GS3/runs/lisa_supplementary_experiments/render_efficiency/Real_NRHints/FurScene/performance.json
GS3,Real_NRHints,FurScene,changing_light,32,3,5.245258958893828,5.219948012381792,5.579899996519089,190.6483565133436,175.150390625,198.0,117043,68.8784065246582,/workspace/ubuntu2004_cuda12_1/projects/3dgs_relighting/GS3/runs/lisa_supplementary_experiments/render_efficiency/Real_NRHints/FurScene/performance.json
GS3,Synthetic_SSS-GS,soap_small,fixed_light,32,3,4.038392338164461,4.00029425509274,4.377260571345687,247.62329072130774,76.70849609375,94.0,45065,26.86835765838623,/workspace/ubuntu2004_cuda12_1/projects/3dgs_relighting/GS3/runs/lisa_supplementary_experiments/render_efficiency/Synthetic_SSS-GS/soap_small/performance.json
GS3,Synthetic_SSS-GS,soap_small,changing_light,32,3,4.3839393426120905,4.332896554842591,4.997697775252163,228.105345865522,76.70849609375,94.0,45065,26.86835765838623,/workspace/ubuntu2004_cuda12_1/projects/3dgs_relighting/GS3/runs/lisa_supplementary_experiments/render_efficiency/Synthetic_SSS-GS/soap_small/performance.json
SSD-GS,Synthetic_GS3,Drums,fixed_light,32,3,33.799535798607394,33.74324110336602,34.58091709762812,29.586205146675475,1918.40673828125,2272.0,548918,352.28225326538086,/workspace/ubuntu2004_cuda12_1/projects/3dgs_relighting/SSD-GS/runs/lisa_supplementary_experiments/render_efficiency/Synthetic_GS3/Drums/performance.json
SSD-GS,Synthetic_GS3,Drums,changing_light,32,3,34.36914164437136,34.3176310416311,36.08002979308367,29.095867750999542,1918.40673828125,2272.0,548918,352.28225326538086,/workspace/ubuntu2004_cuda12_1/projects/3dgs_relighting/SSD-GS/runs/lisa_supplementary_experiments/render_efficiency/Synthetic_GS3/Drums/performance.json
SSD-GS,Real_NRHints,FurScene,fixed_light,32,3,7.593969368220617,7.56343943066895,7.872505229897797,131.68343872768548,351.34765625,488.0,90341,60.53806400299072,/workspace/ubuntu2004_cuda12_1/projects/3dgs_relighting/SSD-GS/runs/lisa_supplementary_experiments/render_efficiency/Real_NRHints/FurScene/performance.json
SSD-GS,Real_NRHints,FurScene,changing_light,32,3,7.33353293617256,7.332086795940995,7.6883165165781975,136.35992484161522,351.34765625,488.0,90341,60.53806400299072,/workspace/ubuntu2004_cuda12_1/projects/3dgs_relighting/SSD-GS/runs/lisa_supplementary_experiments/render_efficiency/Real_NRHints/FurScene/performance.json
SSD-GS,Synthetic_SSS-GS,soap_small,fixed_light,32,3,4.821994172137541,4.801694070920348,5.110891652293503,207.3830793446833,121.23291015625,184.0,25849,20.382636070251465,/workspace/ubuntu2004_cuda12_1/projects/3dgs_relighting/SSD-GS/runs/lisa_supplementary_experiments/render_efficiency/Synthetic_SSS-GS/soap_small/performance.json
SSD-GS,Synthetic_SSS-GS,soap_small,changing_light,32,3,5.045394039674041,5.057266913354397,5.467631854116917,198.20057504658354,121.23291015625,184.0,25849,20.382636070251465,/workspace/ubuntu2004_cuda12_1/projects/3dgs_relighting/SSD-GS/runs/lisa_supplementary_experiments/render_efficiency/Synthetic_SSS-GS/soap_small/performance.json
