family,scene,variant,seeds,PSNR_mean,PSNR_std,SSIM_mean,SSIM_std,LPIPS_mean,LPIPS_std
Real_NRHints,FurScene,full,"0,1,2",24.466517339968213,0.016394390961838215,0.8634217734430351,0.0005583818313961427,0.11939176087285958,0.00015146744733900597
Real_NRHints,FurScene,local_residual,"0,1,2",24.444472324146943,0.00823540997418137,0.8638479938694075,0.0004158924739856791,0.11938090336089041,0.00011990120131517229
Real_NRHints,FurScene,no_transfer,"0,1,2",24.441966756184897,0.024163358859858163,0.8617393439891292,0.00045373189628513955,0.1211996862116982,0.00016419234815036717
Synthetic_GS3,AnisoMetal,full,"0,1,2",27.13075312137604,0.7344894494639701,0.9559961513678232,0.003034862032213729,0.040771410455927255,0.0014661884956950675
Synthetic_GS3,AnisoMetal,local_residual,"0,1,2",27.31443048795064,0.07802877822312733,0.9578832309444746,0.00032911201444397217,0.03979043315785626,0.0001916152167900604
Synthetic_GS3,AnisoMetal,no_transfer,"0,1,2",25.708587562243146,0.04784638828229864,0.941603804975748,0.0006355475314890056,0.05756673240413268,0.0006141500276462804
Synthetic_GS3,Drums,full,"0,1,2",30.486596256891886,0.030768196082616477,0.9764476834237575,7.622629314306424e-05,0.03032019907453408,8.665980496003794e-05
Synthetic_GS3,Drums,local_residual,"0,1,2",30.575641134579975,0.017837229675275654,0.9768148930370808,5.4258923548556554e-05,0.030060226765150824,0.00016633889641721802
Synthetic_GS3,Drums,no_transfer,"0,1,2",30.382655064264934,0.04911716857433728,0.9759216995040576,0.0001110548121645046,0.03094698233064264,0.0002173954914704928
Synthetic_GS3,Translucent,full,"0,1,2",34.59674974123637,0.26715766291937076,0.9805071791013081,8.173435463358696e-05,0.03146623589641725,0.0002813624908118289
Synthetic_GS3,Translucent,local_residual,"0,1,2",34.1893983300527,0.16052095654486706,0.9802589161197345,0.0001828504496414294,0.03163991346489638,0.00020176492461796756
Synthetic_GS3,Translucent,no_transfer,"0,1,2",32.305352587699886,0.2375667317753793,0.9741440214216709,0.0004561662423961352,0.04069199139562746,0.00035939742931317986
Synthetic_SSS-GS,soap_small,full,"0,1,2",40.88004947090149,0.061598334423399924,0.9917243990500768,0.00012688664921024903,0.012058852666057647,0.00019881932968778479
Synthetic_SSS-GS,soap_small,local_residual,"0,1,2",41.17344951248169,0.15503330428584977,0.9916231019496917,0.00012587105198013548,0.011739301219737779,0.00022151906679456534
Synthetic_SSS-GS,soap_small,no_transfer,"0,1,2",37.888455802917484,0.24947653976427875,0.9856862604618073,0.00034200545622477057,0.025394592508052784,0.0006135752393733739
