group,variant,seed,completed_scenes,expected_scenes,PSNR,SSIM,LPIPS
baseline_comparison,GS3,0,18,18,31.4884890748775,0.9392520621762402,0.06869951670619907
baseline_comparison,LiSA-staged,0,18,18,33.47221166121327,0.9519863117002278,0.05636326654297033
baseline_comparison,OLAT-Gaussians,0,18,18,30.95465982650315,0.9330285001861912,0.07548843665067394
baseline_comparison,RNG,0,18,18,25.832819495964007,0.8932387511867682,0.13040542770284344
baseline_comparison,SSD-GS,0,18,18,31.581881565800828,0.9388374104468613,0.06819957167057392
common_ground_truth,GS3,0,18,18,31.490819334673287,0.939192957272895,0.0689820200345323
common_ground_truth,LiSA-staged,0,18,18,33.47221195910858,0.9519861308199701,0.0563632668981597
common_ground_truth,OLAT-Gaussians,0,18,18,30.95468962837423,0.9330273281635533,0.07548968528051132
common_ground_truth,RNG,0,18,18,25.828252687378455,0.8931749861730307,0.1306202033108188
common_ground_truth,SSD-GS,0,18,18,31.5857359475309,0.9387815054459226,0.0684650646909096
refinement,gaussian_linear,0,3,3,34.04359597078959,0.9707058632969856,0.03552053734660149
refinement,gaussian_observation,0,3,3,34.24220216782888,0.9743897786637147,0.03309662562888116
refinement,pixel_linear,0,3,3,33.76846812661489,0.9725874641935031,0.0321692534138759
refinement,pixel_observation,0,3,3,34.05257424640656,0.9755527903536956,0.02901530465297401
repeatability,full,0,5,5,31.529528803859037,0.9536856168045718,0.046752991374138304
repeatability,full,1,5,5,31.39913191399294,0.9528703519898303,0.04713878818569595
repeatability,full,2,5,5,31.607738840372424,0.9543023430371985,0.046513295819643224
repeatability,local_residual,0,5,5,31.512494260384056,0.9541638844900272,0.04649585059126839
repeatability,local_residual,1,5,5,31.539174302392848,0.9540237886292093,0.04649565840874086
repeatability,local_residual,2,5,5,31.566766510750266,0.9540692084329969,0.04657495778110974
repeatability,no_transfer,0,5,5,30.04078522305208,0.9475287873425905,0.05529364841135548
repeatability,no_transfer,1,5,5,30.253657375930338,0.9481053947448731,0.0548457850816057
repeatability,no_transfer,2,5,5,30.141768065003788,0.9478228961239843,0.055340557417131085
structure_ablation,full,0,5,5,31.529528803859037,0.9536856168045718,0.046752991374138304
structure_ablation,local_residual,0,5,5,31.512494260384056,0.9541638844900272,0.04649585059126839
structure_ablation,moment_visibility,0,5,5,31.289238527286752,0.9523304618877523,0.04815944610509254
structure_ablation,no_transfer,0,5,5,30.04078522305208,0.9475287873425905,0.05529364841135548
structure_ablation,single_scale,0,5,5,31.091195528580162,0.9523073997564175,0.04889207433232051
training_efficiency,GS3,0,3,3,32.09796897059796,0.9521333062648774,0.052805854512506405
training_efficiency,LiSA-staged,1,3,3,31.92902510777642,0.943625407599351,0.053981205872506564
training_efficiency,SSD-GS,0,3,3,31.813016892059178,0.9473993451402468,0.05347979650427313
