method,family,scene,frames,PSNR,SSIM,LPIPS,path
lisa_svbrdf,Real_NRHints,Cat,66,25.199131069761336,0.8196598571358304,0.16708532585339111,runs/light_atlas_svbrdf_six_scene_20261002/lisa_svbrdf/Real_NRHints/Cat/test/metrics.json
lisa_svbrdf,Real_NRHints,Pixiu,71,26.282751486335002,0.8810107422546601,0.10146989148687309,runs/light_atlas_svbrdf_six_scene_20261002/lisa_svbrdf/Real_NRHints/Pixiu/test/metrics.json
lisa_svbrdf,Synthetic_GS3,AnisoMetal,400,27.599303755760193,0.9605561839044094,0.03659363913349807,runs/light_atlas_svbrdf_six_scene_20261002/lisa_svbrdf/Synthetic_GS3/AnisoMetal/test/metrics.json
lisa_svbrdf,Synthetic_GS3,Translucent,400,31.039618973731994,0.9761861032247543,0.032273544417694214,runs/light_atlas_svbrdf_six_scene_20261002/lisa_svbrdf/Synthetic_GS3/Translucent/test/metrics.json
lisa_svbrdf,Synthetic_SSS-GS,bunny_small,500,40.15638362884521,0.9913395998477936,0.016510110424831508,runs/light_atlas_svbrdf_six_scene_20261002/lisa_svbrdf/Synthetic_SSS-GS/bunny_small/test/metrics.json
lisa_svbrdf,Synthetic_SSS-GS,dragon_small,500,37.923206161499024,0.9831115958690644,0.023894865699112415,runs/light_atlas_svbrdf_six_scene_20261002/lisa_svbrdf/Synthetic_SSS-GS/dragon_small/test/metrics.json
directional_port_v1,Real_NRHints,Cat,66,25.258174000364363,0.8207287914825209,0.16727712976210046,/workspace/ubuntu2004_cuda12_1/projects/3dgs_relighting/PORT-GS/runs/refactored_six_scene_20261001/directional_port_v1/Real_NRHints/Cat/test/metrics.json
directional_port_v1,Real_NRHints,Pixiu,71,26.319529412497936,0.881218004394585,0.1056432962207727,/workspace/ubuntu2004_cuda12_1/projects/3dgs_relighting/PORT-GS/runs/refactored_six_scene_20261001/directional_port_v1/Real_NRHints/Pixiu/test/metrics.json
directional_port_v1,Synthetic_GS3,AnisoMetal,400,28.263915700912477,0.9581275452673436,0.04529532977379858,/workspace/ubuntu2004_cuda12_1/projects/3dgs_relighting/PORT-GS/runs/refactored_six_scene_20261001/directional_port_v1/Synthetic_GS3/AnisoMetal/test/metrics.json
directional_port_v1,Synthetic_GS3,Translucent,400,29.320385785102843,0.965119709521532,0.05126861363649368,/workspace/ubuntu2004_cuda12_1/projects/3dgs_relighting/PORT-GS/runs/refactored_six_scene_20261001/directional_port_v1/Synthetic_GS3/Translucent/test/metrics.json
directional_port_v1,Synthetic_SSS-GS,bunny_small,500,38.169649591445925,0.9879234608411789,0.0186116753667593,/workspace/ubuntu2004_cuda12_1/projects/3dgs_relighting/PORT-GS/runs/refactored_six_scene_20261001/directional_port_v1/Synthetic_SSS-GS/bunny_small/test/metrics.json
directional_port_v1,Synthetic_SSS-GS,dragon_small,500,36.137885276794435,0.9766142104864121,0.03417975530400872,/workspace/ubuntu2004_cuda12_1/projects/3dgs_relighting/PORT-GS/runs/refactored_six_scene_20261001/directional_port_v1/Synthetic_SSS-GS/dragon_small/test/metrics.json
surface_attention,Real_NRHints,Cat,66,25.143954768325344,0.8207900117744099,0.16465461773402762,/workspace/ubuntu2004_cuda12_1/projects/3dgs_relighting/PORT-GS/runs/surface_attention_six_scene_20261001/surface_attention/Real_NRHints/Cat/test/metrics.json
surface_attention,Real_NRHints,Pixiu,71,26.387625009241237,0.8831735337284249,0.10639488786249093,/workspace/ubuntu2004_cuda12_1/projects/3dgs_relighting/PORT-GS/runs/surface_attention_six_scene_20261001/surface_attention/Real_NRHints/Pixiu/test/metrics.json
surface_attention,Synthetic_GS3,AnisoMetal,400,28.429777059555054,0.960194681584835,0.04014173704199493,/workspace/ubuntu2004_cuda12_1/projects/3dgs_relighting/PORT-GS/runs/surface_attention_six_scene_20261001/surface_attention/Synthetic_GS3/AnisoMetal/test/metrics.json
surface_attention,Synthetic_GS3,Translucent,400,28.63726065158844,0.9665932746231556,0.04575336071662605,/workspace/ubuntu2004_cuda12_1/projects/3dgs_relighting/PORT-GS/runs/surface_attention_six_scene_20261001/surface_attention/Synthetic_GS3/Translucent/test/metrics.json
surface_attention,Synthetic_SSS-GS,bunny_small,500,36.568559862136844,0.9855365788936615,0.02253547099977732,/workspace/ubuntu2004_cuda12_1/projects/3dgs_relighting/PORT-GS/runs/surface_attention_six_scene_20261001/surface_attention/Synthetic_SSS-GS/bunny_small/test/metrics.json
surface_attention,Synthetic_SSS-GS,dragon_small,500,34.673638320922855,0.9706339352130889,0.04108409122005105,/workspace/ubuntu2004_cuda12_1/projects/3dgs_relighting/PORT-GS/runs/surface_attention_six_scene_20261001/surface_attention/Synthetic_SSS-GS/dragon_small/test/metrics.json
neural_material,Real_NRHints,Cat,66,24.21687308224765,0.8081922422755848,0.19437711843938538,/workspace/ubuntu2004_cuda12_1/projects/3dgs_relighting/PORT-GS/runs/refactored_six_scene_20261001/neural_material/Real_NRHints/Cat/test/metrics.json
neural_material,Real_NRHints,Pixiu,71,26.137777516539668,0.8805576529301388,0.10952348057442987,/workspace/ubuntu2004_cuda12_1/projects/3dgs_relighting/PORT-GS/runs/refactored_six_scene_20261001/neural_material/Real_NRHints/Pixiu/test/metrics.json
neural_material,Synthetic_GS3,AnisoMetal,400,23.3651007270813,0.9301938226819039,0.057281246958300475,/workspace/ubuntu2004_cuda12_1/projects/3dgs_relighting/PORT-GS/runs/refactored_six_scene_20261001/neural_material/Synthetic_GS3/AnisoMetal/test/metrics.json
neural_material,Synthetic_GS3,Translucent,400,22.87793475151062,0.9313403695821763,0.07197196720167995,/workspace/ubuntu2004_cuda12_1/projects/3dgs_relighting/PORT-GS/runs/refactored_six_scene_20261001/neural_material/Synthetic_GS3/Translucent/test/metrics.json
neural_material,Synthetic_SSS-GS,bunny_small,500,26.638925329208373,0.9493493864536285,0.06894823750853539,/workspace/ubuntu2004_cuda12_1/projects/3dgs_relighting/PORT-GS/runs/refactored_six_scene_20261001/neural_material/Synthetic_SSS-GS/bunny_small/test/metrics.json
neural_material,Synthetic_SSS-GS,dragon_small,500,32.40116817474365,0.9572449541091919,0.053152956385165456,/workspace/ubuntu2004_cuda12_1/projects/3dgs_relighting/PORT-GS/runs/refactored_six_scene_20261001/neural_material/Synthetic_SSS-GS/dragon_small/test/metrics.json
SSD-GS,Real_NRHints,Cat,66,18.000582536061604,0.703937003106782,0.24806655288645715,/workspace/ubuntu2004_cuda12_1/projects/3dgs_relighting/SSD-GS/runs/real_fixed_calibration_20260913/Cat/metrics.json
GS3,Real_NRHints,Cat,66,19.119789759318035,0.7171379020719817,0.2318497227899956,/workspace/ubuntu2004_cuda12_1/projects/3dgs_relighting/GS3/runs/full_benchmark_20260913/Real_NRHints/Cat/test/metrics.json
RNG,Real_NRHints,Cat,66,20.989634484955758,0.7731122997674075,0.2865733987454212,/workspace/ubuntu2004_cuda12_1/projects/3dgs_relighting/RNG/runs/six_scene_baselines/Real_NRHints/Cat/test/metrics.json
SSD-GS,Real_NRHints,Pixiu,71,23.402194520117533,0.8622443306613976,0.11894358343011896,/workspace/ubuntu2004_cuda12_1/projects/3dgs_relighting/SSD-GS/runs/real_fixed_calibration_20260913/Pixiu/metrics.json
GS3,Real_NRHints,Pixiu,71,23.72180927975077,0.8641741913808904,0.11702784680774514,/workspace/ubuntu2004_cuda12_1/projects/3dgs_relighting/GS3/runs/full_benchmark_20260913/Real_NRHints/Pixiu/test/metrics.json
RNG,Real_NRHints,Pixiu,71,19.952370254086777,0.8480110487467806,0.17182691374295195,/workspace/ubuntu2004_cuda12_1/projects/3dgs_relighting/RNG/runs/six_scene_baselines/Real_NRHints/Pixiu/test/metrics.json
SSD-GS,Synthetic_GS3,AnisoMetal,400,28.00063705444336,0.9565722942352295,0.03942209109663963,/workspace/ubuntu2004_cuda12_1/projects/3dgs_relighting/SSD-GS/output/syn_gs3_AnisoMetal_20260430/results_test.json
GS3,Synthetic_GS3,AnisoMetal,400,27.513082661628722,0.9501612767577171,0.058494577975943686,/workspace/ubuntu2004_cuda12_1/projects/3dgs_relighting/GS3/runs/full_benchmark_20260913/Synthetic_GS3/AnisoMetal/test/metrics.json
RNG,Synthetic_GS3,AnisoMetal,400,24.31603032588959,0.9230027590692044,0.07238063880242407,/workspace/ubuntu2004_cuda12_1/projects/3dgs_relighting/RNG/runs/six_scene_baselines/Synthetic_GS3/AnisoMetal/test/metrics.json
SSD-GS,Synthetic_GS3,Translucent,400,31.98625946044922,0.9750932455062866,0.030221981927752495,/workspace/ubuntu2004_cuda12_1/projects/3dgs_relighting/SSD-GS/output/syn_gs3_Translucent_20260430/results_test.json
GS3,Synthetic_GS3,Translucent,400,32.75649468421936,0.9752302786707878,0.041664104107767344,/workspace/ubuntu2004_cuda12_1/projects/3dgs_relighting/GS3/runs/full_benchmark_20260913/Synthetic_GS3/Translucent/test/metrics.json
RNG,Synthetic_GS3,Translucent,400,29.291962032318114,0.9606588904559612,0.05184699402190745,/workspace/ubuntu2004_cuda12_1/projects/3dgs_relighting/RNG/runs/six_scene_baselines/Synthetic_GS3/Translucent/test/metrics.json
SSD-GS,Synthetic_SSS-GS,bunny_small,500,38.48003387451172,0.9890952706336975,0.014755851589143276,/workspace/ubuntu2004_cuda12_1/projects/3dgs_relighting/SSD-GS/output/syn_sss-gs_bunny_small_20260430/results_test.json
GS3,Synthetic_SSS-GS,bunny_small,500,34.41810637283325,0.9797750390768051,0.031906292796134945,/workspace/ubuntu2004_cuda12_1/projects/3dgs_relighting/GS3/runs/six_scene_baselines/Synthetic_SSS-GS/bunny_small/test/metrics.json
RNG,Synthetic_SSS-GS,bunny_small,500,37.86991774559021,0.9878508582115173,0.020179744308814408,/workspace/ubuntu2004_cuda12_1/projects/3dgs_relighting/RNG/runs/six_scene_baselines/Synthetic_SSS-GS/bunny_small/test/metrics.json
SSD-GS,Synthetic_SSS-GS,dragon_small,500,37.377235412597656,0.9817540645599365,0.020848684012889862,/workspace/ubuntu2004_cuda12_1/projects/3dgs_relighting/SSD-GS/output/syn_sss-gs_dragon_small_20260430/results_test.json
GS3,Synthetic_SSS-GS,dragon_small,500,36.1067657661438,0.9768311425447463,0.0323555568754673,/workspace/ubuntu2004_cuda12_1/projects/3dgs_relighting/GS3/runs/six_scene_baselines/Synthetic_SSS-GS/dragon_small/test/metrics.json
RNG,Synthetic_SSS-GS,dragon_small,500,35.26434089279175,0.9726355069875717,0.04234541257098317,/workspace/ubuntu2004_cuda12_1/projects/3dgs_relighting/RNG/runs/six_scene_baselines/Synthetic_SSS-GS/dragon_small/test/metrics.json
